異国の杯,UI_RelicIcon_10001_1
帰郷の羽,UI_RelicIcon_10001_2
別離の冠,UI_RelicIcon_10001_3
故人の心,UI_RelicIcon_10001_4
逐光の石,UI_RelicIcon_10001_5
勇士の壮行,UI_RelicIcon_10002_1
勇士の期待,UI_RelicIcon_10002_2
勇士の冠,UI_RelicIcon_10002_3
勇士の勲章,UI_RelicIcon_10002_4
勇士の毅然,UI_RelicIcon_10002_5
守護の瓶,UI_RelicIcon_10003_1
守護の印,UI_RelicIcon_10003_2
守護の帯,UI_RelicIcon_10003_3
守護の花,UI_RelicIcon_10003_4
守護の置き時計,UI_RelicIcon_10003_5
奇跡のコップ,UI_RelicIcon_10004_1
奇跡の羽根,UI_RelicIcon_10004_2
奇跡のピアス,UI_RelicIcon_10004_3
奇跡の花,UI_RelicIcon_10004_4
奇跡の砂,UI_RelicIcon_10004_5
狂戦士のコップ,UI_RelicIcon_10005_1
狂戦士の羽根,UI_RelicIcon_10005_2
狂戦士の仮面,UI_RelicIcon_10005_3
狂戦士の薔薇,UI_RelicIcon_10005_4
狂戦士の時計,UI_RelicIcon_10005_5
武人の酒器,UI_RelicIcon_10006_1
武人の羽飾り,UI_RelicIcon_10006_2
武人のバンダナ,UI_RelicIcon_10006_3
武人の赤い花,UI_RelicIcon_10006_4
武人の水時計,UI_RelicIcon_10006_5
教官のティーカップ,UI_RelicIcon_10007_1
教官の羽飾り,UI_RelicIcon_10007_2
教官の帽子,UI_RelicIcon_10007_3
教官の花飾り,UI_RelicIcon_10007_4
教官の懐中時計,UI_RelicIcon_10007_5
博徒のツボ,UI_RelicIcon_10008_1
博徒の羽飾り,UI_RelicIcon_10008_2
博徒のピアス,UI_RelicIcon_10008_3
博徒の花飾り,UI_RelicIcon_10008_4
博徒の懐中時計,UI_RelicIcon_10008_5
亡命者のコップ,UI_RelicIcon_10009_1
亡命者の羽根,UI_RelicIcon_10009_2
亡命者の冠,UI_RelicIcon_10009_3
亡命者の花,UI_RelicIcon_10009_4
亡命者の懐中時計,UI_RelicIcon_10009_5
冒険者の金杯,UI_RelicIcon_10010_1
冒険者の羽根,UI_RelicIcon_10010_2
冒険者のバンダナ,UI_RelicIcon_10010_3
冒険者の花,UI_RelicIcon_10010_4
冒険者の懐中時計,UI_RelicIcon_10010_5
幸運のコップ,UI_RelicIcon_10011_1
幸運の鷹の羽根,UI_RelicIcon_10011_2
幸運の冠,UI_RelicIcon_10011_3
幸運のクローバー,UI_RelicIcon_10011_4
幸運の砂時計,UI_RelicIcon_10011_5
学者のコップ,UI_RelicIcon_10012_1
学者の羽根ペン,UI_RelicIcon_10012_2
学者のレンズ,UI_RelicIcon_10012_3
学者のしおり,UI_RelicIcon_10012_4
学者の時計,UI_RelicIcon_10012_5
医者の薬壺,UI_RelicIcon_10013_1
医者の梟の羽根,UI_RelicIcon_10013_2
医者の方巾,UI_RelicIcon_10013_3
医者のアネモネ,UI_RelicIcon_10013_4
医者の懐中時計,UI_RelicIcon_10013_5
霜を纏った気骨,UI_RelicIcon_14001_1
氷を砕く執念,UI_RelicIcon_14001_2
氷雪を踏む音,UI_RelicIcon_14001_3
吹雪の中の思い,UI_RelicIcon_14001_4
雪覆う故郷の最後,UI_RelicIcon_14001_5
雷討ちの器,UI_RelicIcon_14002_1
雷討ちの羽根,UI_RelicIcon_14002_2
雷討ちの冠,UI_RelicIcon_14002_3
雷討ちの心,UI_RelicIcon_14002_4
雷討ちの刻,UI_RelicIcon_14002_5
火渡りの悟り,UI_RelicIcon_14003_1
火渡りの解放,UI_RelicIcon_14003_2
火渡りの知恵,UI_RelicIcon_14003_3
火渡りの堅実,UI_RelicIcon_14003_4
火渡りの苦しみ,UI_RelicIcon_14003_5
少女の暫く息抜き,UI_RelicIcon_14004_1
少女の揺らぐ思い,UI_RelicIcon_14004_2
少女の儚き顔,UI_RelicIcon_14004_3
彼方にある少女の心,UI_RelicIcon_14004_4
少女の短い華年,UI_RelicIcon_14004_5
剣闘士の酩酊,UI_RelicIcon_15001_1
剣闘士の帰着,UI_RelicIcon_15001_2
剣闘士の凱旋,UI_RelicIcon_15001_3
剣闘士の未練,UI_RelicIcon_15001_4
剣闘士の希望,UI_RelicIcon_15001_5
緑の狩人の容器,UI_RelicIcon_15002_1
狩人の青緑色の矢羽,UI_RelicIcon_15002_2
緑の狩人の冠,UI_RelicIcon_15002_3
野花の記憶の草原,UI_RelicIcon_15002_4
緑の狩人の決心,UI_RelicIcon_15002_5
吟遊者の水筒,UI_RelicIcon_15003_1
琴師の矢羽,UI_RelicIcon_15003_2
指揮者のハット,UI_RelicIcon_15003_3
楽団の朝の光,UI_RelicIcon_15003_4
フィナーレの時計,UI_RelicIcon_15003_5
落雷の前兆,UI_RelicIcon_15005_1
雷災の生存者,UI_RelicIcon_15005_2
雷を呼ぶ冠,UI_RelicIcon_15005_3
雷鳥の憐み,UI_RelicIcon_15005_4
雷霆の時計,UI_RelicIcon_15005_5
魔女の心の炎,UI_RelicIcon_15006_1
魔女の炎の羽根,UI_RelicIcon_15006_2
焦げた魔女の帽子,UI_RelicIcon_15006_3
魔女の炎の花,UI_RelicIcon_15006_4
魔女の破滅の時,UI_RelicIcon_15006_5
旧貴族の銀瓶,UI_RelicIcon_15007_1
旧貴族の羽根,UI_RelicIcon_15007_2
旧貴族の仮面,UI_RelicIcon_15007_3
旧貴族の花,UI_RelicIcon_15007_4
旧貴族の時計,UI_RelicIcon_15007_5
血染めの騎士のコップ,UI_RelicIcon_15008_1
血染めの黒羽,UI_RelicIcon_15008_2
血染めの鉄仮面,UI_RelicIcon_15008_3
血染めの鉄の心,UI_RelicIcon_15008_4
騎士が血に染めた時,UI_RelicIcon_15008_5
危岩磐石の杯,UI_RelicIcon_15014_1
嵯峨連山の翼,UI_RelicIcon_15014_2
不動玄石の相,UI_RelicIcon_15014_3
磐石芽生の花,UI_RelicIcon_15014_4
星羅圭玉の日時計,UI_RelicIcon_15014_5
夏祭りの水風船,UI_RelicIcon_15015_1
夏祭りの終わり,UI_RelicIcon_15015_2
夏祭りの仮面,UI_RelicIcon_15015_3
夏祭りの花,UI_RelicIcon_15015_4
夏祭りの刻,UI_RelicIcon_15015_5
浮沈の杯,UI_RelicIcon_15016_1
追憶の風,UI_RelicIcon_15016_2
酒に漬けた帽子,UI_RelicIcon_15016_3
金メッキのコサージュ,UI_RelicIcon_15016_4
堅い銅のコンパス,UI_RelicIcon_15016_5
火祭りの冠,UI_RelicIcon_15009_3
水祭りの冠,UI_RelicIcon_15010_3
雷祭りの冠,UI_RelicIcon_15011_3
氷祭りの冠,UI_RelicIcon_15013_3
超越の盃,UI_RelicIcon_15018_1
良医の羽,UI_RelicIcon_15018_2
瞳笑の面,UI_RelicIcon_15018_3
無垢の花,UI_RelicIcon_15018_4
停頓の時,UI_RelicIcon_15018_5
誓いの金杯,UI_RelicIcon_15017_1
昭武の羽根,UI_RelicIcon_15017_2
将帥の兜,UI_RelicIcon_15017_3
偉勲の花,UI_RelicIcon_15017_4
金銅の日時計,UI_RelicIcon_15017_5
祈望の心,UI_RelicIcon_15019_1
憶念の矢,UI_RelicIcon_15019_2
無常の面,UI_RelicIcon_15019_3
羈絆の花,UI_RelicIcon_15019_4
朝露の時,UI_RelicIcon_15019_5
緋花の壺,UI_RelicIcon_15020_1
切落の羽,UI_RelicIcon_15020_2
華飾の兜,UI_RelicIcon_15020_3
威厳の鍔,UI_RelicIcon_15020_4
雷雲の印籠,UI_RelicIcon_15020_5